{"mass":[2.5587,2.6615,2.3311,2.1299,1.6563,1.725],"com":[[0.0927,0.1432,0.1165,0.1279,0.1097,0.0882],[-0.0056,0.0072,0.0014,0.0073,-0.0266,0.0009],[0.0564,-0.0001,0,0,0,-0.0001]],"T0":[[[1,1,1,1,1,1],[0,0,0,0,0,0],[0,0,0,0,0,0],[0,0.117,0.21900000000000003,0.133,0.197,0.12449999999999994]],[[0,0,0,0,0,0],[1,1,1,1,1,1],[0,0,0,0,0,0],[0,0,0,0,0,0]],[[0,0,0,0,0,0],[0,0,0,0,0,0],[1,1,1,1,1,1],[0,0.0599999999999999,0,0,0,0]],[[0,0,0,0,0,0],[0,0,0,0,0,0],[0,0,0,0,0,0],[1,1,1,1,1,1]]],"H":[[[1,0,0,0],[0,1,0,0],[0,0,1,0],[0,0,0,1]],[[1,0,0,0.117],[0,1,0,0],[0,0,1,0.0599999999999999],[0,0,0,1]],[[1,0,0,0.21900000000000003],[0,1,0,0],[0,0,1,0],[0,0,0,1]],[[1,0,0,0.133],[0,1,0,0],[0,0,1,0],[0,0,0,1]],[[1,0,0,0.197],[0,1,0,0],[0,0,1,0],[0,0,0,1]],[[1,0,0,0.12449999999999994],[0,1,0,0],[0,0,1,0],[0,0,0,1]]],"P":[[0,0.117,0.21900000000000003,0.133,0.197,0.12449999999999994,0],[0,0,0,0,0,0,0],[0,0.0599999999999999,0,0,0,0,0]],"G":[[[0.0043,-0.00010000000000000026,0.00099999999999999915,0,0,0],[-0.00010000000000000026,0.0087000000000000029,-9.9999999999999937E-5,0,0,0],[0.00099999999999999915,-9.9999999999999937E-5,0.0087,0,0,0],[0,0,0,2.5587,0,0],[0,0,0,0,2.5587,0],[0,0,0,0,0,2.5587]],[[0.0027999999999999995,-0.0021,0,0,0,0],[-0.0021,0.011099999999999992,0,0,0,0],[0,0,0.011200000000000002,0,0,0],[0,0,0,2.6615,0,0],[0,0,0,0,2.6615,0],[0,0,0,0,0,2.6615]],[[0.0019,-9.9999999999999991E-5,0,0,0,0],[-9.9999999999999991E-5,0.0044999999999999971,0,0,0,0],[0,0,0.0047000000000000028,0,0,0],[0,0,0,2.3311,0,0],[0,0,0,0,2.3311,0],[0,0,0,0,0,2.3311]],[[0.0024,-0.0016000000000000007,0,0,0,0],[-0.0016000000000000007,0.008199999999999999,0,0,0,0],[0,0,0.0083999999999999977,0,0,0],[0,0,0,2.1299,0,0],[0,0,0,0,2.1299,0],[0,0,0,0,0,2.1299]],[[0.0016,-0.00030000000000000079,0,0,0,0],[-0.00030000000000000079,0.0029999999999999992,0,0,0,0],[0,0,0.0035000000000000031,0,0,0],[0,0,0,1.6563,0,0],[0,0,0,0,1.6563,0],[0,0,0,0,0,1.6563]],[[0.0018,-0.00010000000000000002,0,0,0,0],[-0.00010000000000000002,0.0041999999999999989,0,0,0,0],[0,0,0.0041999999999999989,0,0,0],[0,0,0,1.725,0,0],[0,0,0,0,1.725,0],[0,0,0,0,0,1.725]]],"I":[[[0.0043,-0.00010000000000000026,0.00099999999999999915],[-0.00010000000000000026,0.0087000000000000029,-9.9999999999999937E-5],[0.00099999999999999915,-9.9999999999999937E-5,0.0087]],[[0.0027999999999999995,-0.0021,0],[-0.0021,0.011099999999999992,0],[0,0,0.011200000000000002]],[[0.0019,-9.9999999999999991E-5,0],[-9.9999999999999991E-5,0.0044999999999999971,0],[0,0,0.0047000000000000028]],[[0.0024,-0.0016000000000000007,0],[-0.0016000000000000007,0.008199999999999999,0],[0,0,0.0083999999999999977]],[[0.0016,-0.00030000000000000079,0],[-0.00030000000000000079,0.0029999999999999992,0],[0,0,0.0035000000000000031]],[[0.0018,-0.00010000000000000002,0],[-0.00010000000000000002,0.0041999999999999989,0],[0,0,0.0041999999999999989]]],"M":[[[1,1,1,1,1,1,1],[0,0,0,0,0,0,0],[0,0,0,0,0,0,0],[0.0927,0.16749999999999998,0.19230000000000003,0.14439999999999997,0.17880000000000007,0.10299999999999998,0]],[[0,0,0,0,0,0,0],[1,1,1,1,1,1,1],[0,0,0,0,0,0,0],[-0.0056,0.012799999999999999,-0.0058,0.0059,-0.0339,0.0275,0]],[[0,0,0,0,0,0,0],[0,0,0,0,0,0,0],[1,1,1,1,1,1,1],[0.0564,0.003499999999999899,0.00010000000000000286,0,0,-0.00010000000000000286,0]],[[0,0,0,0,0,0,0],[0,0,0,0,0,0,0],[0,0,0,0,0,0,0],[1,1,1,1,1,1,1]]],"S":[[0,0,1,0,1,0],[0,1,0,1,0,1],[1,0,0,0,0,0],[0,-0.0599999999999999,0,-0.0599999999999999,0,-0.0599999999999999],[0,0,0.0599999999999999,0,0.0599999999999999,0],[0,0.117,0,0.46900000000000003,0,0.7905]],"num_bodies":10,"num_joints":6,"active_joints":[1,2,3,4,5,6],"fixed_joints":[7,8,9,10],"joint_axes":[[0,0,1,0,1,0],[0,1,0,1,0,1],[1,0,0,0,0,0]],"gravity":[0,0,-9.81],"use_interval":false}