{"mass":[2.5587,2.6615,2.3311,2.1299,1.6563,1.725],"com":[[0.0927,0.1432,0.1165,0.1279,0.1097,0.0882],[-0.0056,0.0072,0.0014,0.0073,-0.0266,0.0009],[0.0564,-0.0001,0,0,0,-0.0001]],"T0":[[[1,1,1,1,1,1],[0,0,0,0,0,0],[0,0,0,0,0,0],[0,0.117,0.21900000000000003,0.133,0.197,0.12449999999999994]],[[0,0,0,0,0,0],[1,1,1,1,1,1],[0,0,0,0,0,0],[0,0,0,0,0,0]],[[0,0,0,0,0,0],[0,0,0,0,0,0],[1,1,1,1,1,1],[0,0.0599999999999999,0,0,0,0]],[[0,0,0,0,0,0],[0,0,0,0,0,0],[0,0,0,0,0,0],[1,1,1,1,1,1]]],"H":[[[1,0,0,0],[0,1,0,0],[0,0,1,0],[0,0,0,1]],[[1,0,0,0.117],[0,1,0,0],[0,0,1,0.0599999999999999],[0,0,0,1]],[[1,0,0,0.21900000000000003],[0,1,0,0],[0,0,1,0],[0,0,0,1]],[[1,0,0,0.133],[0,1,0,0],[0,0,1,0],[0,0,0,1]],[[1,0,0,0.197],[0,1,0,0],[0,0,1,0],[0,0,0,1]],[[1,0,0,0.12449999999999994],[0,1,0,0],[0,0,1,0],[0,0,0,1]]],"P":[[0,0.117,0.21900000000000003,0.133,0.197,0.12449999999999994,0],[0,0,0,0,0,0,0],[0,0.0599999999999999,0,0,0,0,0]],"G":[[[0.0043,-0.00010000000000000026,0.00099999999999999915,0,0,0],[-0.00010000000000000026,0.0087000000000000029,-9.9999999999999937E-5,0,0,0],[0.00099999999999999915,-9.9999999999999937E-5,0.0087,0,0,0],[0,0,0,2.5587,0,0],[0,0,0,0,2.5587,0],[0,0,0,0,0,2.5587]],[[0.0027999999999999995,-0.0021,0,0,0,0],[-0.0021,0.011099999999999992,0,0,0,0],[0,0,0.011200000000000002,0,0,0],[0,0,0,2.6615,0,0],[0,0,0,0,2.6615,0],[0,0,0,0,0,2.6615]],[[0.0019,-9.9999999999999991E-5,0,0,0,0],[-9.9999999999999991E-5,0.0044999999999999971,0,0,0,0],[0,0,0.0047000000000000028,0,0,0],[0,0,0,2.3311,0,0],[0,0,0,0,2.3311,0],[0,0,0,0,0,2.3311]],[[0.0024,-0.0016000000000000007,0,0,0,0],[-0.0016000000000000007,0.008199999999999999,0,0,0,0],[0,0,0.0083999999999999977,0,0,0],[0,0,0,2.1299,0,0],[0,0,0,0,2.1299,0],[0,0,0,0,0,2.1299]],[[0.0016,-0.00030000000000000079,0,0,0,0],[-0.00030000000000000079,0.0029999999999999992,0,0,0,0],[0,0,0.0035000000000000031,0,0,0],[0,0,0,1.6563,0,0],[0,0,0,0,1.6563,0],[0,0,0,0,0,1.6563]],[[0.0018,-0.00010000000000000002,0,0,0,0],[-0.00010000000000000002,0.0041999999999999989,0,0,0,0],[0,0,0.0041999999999999989,0,0,0],[0,0,0,1.725,0,0],[0,0,0,0,1.725,0],[0,0,0,0,0,1.725]]],"I":[[[0.0043,-0.00010000000000000026,0.00099999999999999915],[-0.00010000000000000026,0.0087000000000000029,-9.9999999999999937E-5],[0.00099999999999999915,-9.9999999999999937E-5,0.0087]],[[0.0027999999999999995,-0.0021,0],[-0.0021,0.011099999999999992,0],[0,0,0.011200000000000002]],[[0.0019,-9.9999999999999991E-5,0],[-9.9999999999999991E-5,0.0044999999999999971,0],[0,0,0.0047000000000000028]],[[0.0024,-0.0016000000000000007,0],[-0.0016000000000000007,0.008199999999999999,0],[0,0,0.0083999999999999977]],[[0.0016,-0.00030000000000000079,0],[-0.00030000000000000079,0.0029999999999999992,0],[0,0,0.0035000000000000031]],[[0.0018,-0.00010000000000000002,0],[-0.00010000000000000002,0.0041999999999999989,0],[0,0,0.0041999999999999989]]],"M":[[[1,1,1,1,1,1,1],[0,0,0,0,0,0,0],[0,0,0,0,0,0,0],[0.0927,0.16749999999999998,0.19230000000000003,0.14439999999999997,0.17880000000000007,0.10299999999999998,0]],[[0,0,0,0,0,0,0],[1,1,1,1,1,1,1],[0,0,0,0,0,0,0],[-0.0056,0.012799999999999999,-0.0058,0.0059,-0.0339,0.0275,0]],[[0,0,0,0,0,0,0],[0,0,0,0,0,0,0],[1,1,1,1,1,1,1],[0.0564,0.003499999999999899,0.00010000000000000286,0,0,-0.00010000000000000286,0]],[[0,0,0,0,0,0,0],[0,0,0,0,0,0,0],[0,0,0,0,0,0,0],[1,1,1,1,1,1,1]]],"S":[[0,0,1,0,1,0],[0,1,0,1,0,1],[1,0,0,0,0,0],[0,-0.0599999999999999,0,-0.0599999999999999,0,-0.0599999999999999],[0,0,0.0599999999999999,0,0.0599999999999999,0],[0,0.117,0,0.46900000000000003,0,0.7905]],"num_bodies":10,"num_joints":6,"active_joints":[1,2,3,4,5,6],"fixed_joints":[7,8,9,10],"joint_axes":[[0,0,1,0,1,0],[0,1,0,1,0,1],[1,0,0,0,0,0]],"gravity":[0,0,-9.81],"use_interval":false,"inertia":[[0.0125193631840000,0.0388267734750000,0.0307678919550000,0.000708139808000000,-0.0123776000360000,0.00122827234400000],[0.00293799877500000,0.0656773843750000,0.0659153299200000,1.91628000000000e-06,3.81126800000000e-05,-0.00484411296000000],[0.00190456895600000,0.0361382719750000,0.0363428409310000,0,0,-0.000480202410000000],[0.00251350237100000,0.0430417774590000,0.0433552798300000,0,0,-0.00358862373300000],[0.00277193162800000,0.0229320632670000,0.0246039948950000,0,0,0.00453311652600000],[0.00180141450000000,0.0176192062500000,0.0176205862500000,1.55250000000000e-07,1.52145000000000e-05,-0.000236930500000000]]}